<?xml version="1.0" encoding="UTF-8"?>
<beans xmlns="http://www.springframework.org/schema/beans"
  xmlns:xsi="http://www.w3.org/2001/XMLSchema-instance"
  xmlns:context="http://www.springframework.org/schema/context"
  xmlns:jdbc="http://www.springframework.org/schema/jdbc"
  xmlns:mvc="http://www.springframework.org/schema/mvc"
  xmlns:p="http://www.springframework.org/schema/p"
  xsi:schemaLocation="http://www.springframework.org/schema/jdbc http://www.springframework.org/schema/jdbc/spring-jdbc-4.0.xsd
    http://www.springframework.org/schema/mvc http://www.springframework.org/schema/mvc/spring-mvc-4.0.xsd
    http://www.springframework.org/schema/beans http://www.springframework.org/schema/beans/spring-beans.xsd
    http://www.springframework.org/schema/context http://www.springframework.org/schema/context/spring-context-4.0.xsd">

  <context:component-scan base-package="com.apress.isf.spring"/>
  <mvc:annotation-driven />
  
  <mvc:interceptors>
    <bean class="org.springframework.web.servlet.i18n.LocaleChangeInterceptor" p:paramName="lang" />
  </mvc:interceptors>
  
  <bean id="messageSource" class="org.springframework.context.support.ReloadableResourceBundleMessageSource" 
    p:basenames="WEB-INF/i18n/messages" p:fallbackToSystemLocale="false"/>
  <bean id="localeResolver" class="org.springframework.web.servlet.i18n.CookieLocaleResolver" 
    p:cookieName="locale"/>
  
  <bean class="org.springframework.web.servlet.view.InternalResourceViewResolver">
    <property name="prefix" value="/WEB-INF/views/"/>
    <property name="suffix" value=".jspx"/>
  </bean>

  <jdbc:embedded-database id="dataSource">
    <jdbc:script location="classpath:/META-INF/data/schema.sql" />
    <jdbc:script location="classpath:/META-INF/data/data.sql" />
  </jdbc:embedded-database>
  
  <bean id="query" class="java.lang.String">
    <constructor-arg>
      <value>
        select d.documentId, d.name, d.location, d.description as doc_desc,
        d.typeId, d.created, d.modified,
        t.name as type_name, t.description as type_desc, t.extension from
        documents d
        join types t
        on d.typeId = t.typeId
      </value>
    </constructor-arg>
  </bean>

</beans>
